,routeID,airport_from,airport_to,pax_2019,pax_2020,pax_2021,pax_2022
0,28513,ORD,ABE,699262,371321,646440,523121
1,28514,ORD,ABQ,647558,237392,369242,746910
2,28515,ORD,ACK,388261,231902,444266,428671
3,28516,ORD,ADD,280964,131847,232302,305641
4,28517,ORD,AEL,67535,16524,217496,296548
5,28518,ORD,AEX,778139,462070,648796,672986
6,28519,ORD,AID,574703,284136,559168,480165
7,28520,ORD,AIZ,290290,84983,256856,357615
8,28521,ORD,AKL,771201,195495,440461,780434
9,28522,ORD,ALB,709445,347352,645397,740236
10,28523,ORD,ALN,903387,493562,733243,802957
11,28524,ORD,ALO,225479,69624,285536,311117
12,28525,ORD,AMM,841627,443576,673862,650911
13,28526,ORD,AMN,154826,91583,346471,357353
14,28527,ORD,AMS,862673,500085,729593,865030
15,28528,ORD,AMW,684048,241645,370224,805024
16,28529,ORD,ANC,698225,323347,517396,762286
17,28530,ORD,AOH,793631,172319,456530,722200
18,28531,ORD,APN,246507,124722,327184,347520
19,28532,ORD,ARB,794263,308803,505973,791645
20,28533,ORD,ARV,954637,277916,641920,916432
21,28534,ORD,ASE,941397,467478,735117,846776
22,28535,ORD,ASX,564089,239047,446439,501115
23,28536,ORD,ATH,667451,362646,685541,667078
24,28537,ORD,ATL,166625,42962,194991,182448
25,28538,ORD,ATW,310022,141550,250536,392440
26,28539,ORD,ATY,261988,96569,205222,318996
27,28540,ORD,AUA,596662,131977,377467,586443
28,28541,ORD,AUH,302029,99519,265447,440462
29,28542,ORD,AUM,652479,194442,501708,461954
30,28543,ORD,AUS,528876,138195,338251,476146
31,28544,ORD,AUW,478255,182807,474166,456537
32,28545,ORD,AVL,790417,206997,339427,587617
33,28546,ORD,AVP,123509,34369,132190,311919
34,28547,ORD,AXG,242219,127177,342748,290238
35,28548,ORD,AZO,871578,229627,578174,750699
36,28549,ORD,BCN,340423,102633,374951,414429
37,28550,ORD,BEH,257745,106415,238419,389305
38,28551,ORD,BGR,465209,208151,439574,479376
39,28552,ORD,BHM,710356,421635,592972,624335
40,28553,ORD,BIL,245518,73283,306927,375219
41,28554,ORD,BIS,219810,97144,334599,234700
42,28555,ORD,BJS,234034,136601,346217,249461
43,28556,ORD,BJX,264748,55311,147179,278643
44,28557,ORD,BLV,359880,91914,251730,425692
45,28558,ORD,BMG,405775,228149,521922,372513
46,28559,ORD,BMI,936478,448822,747514,805663
47,28560,ORD,BNA,194842,98283,357378,217892
48,28561,ORD,BOI,598400,249610,448386,718960
49,28562,ORD,BOS,592056,179250,401273,603030
50,28563,ORD,BRL,612773,240799,402520,640836
51,28564,ORD,BRU,936319,407230,718383,749218
52,28565,ORD,BTV,138472,60614,297144,213165
53,28566,ORD,BUF,316870,181457,303614,454763
54,28567,ORD,BWG,632835,370169,636619,777640
55,28568,ORD,BZE,872871,347291,576589,668399
56,28569,ORD,BZN,790083,405569,734898,818473
57,28570,ORD,CAD,678024,222372,511709,587186
58,28571,ORD,CAE,872545,413908,661042,660489
59,28572,ORD,CAK,846717,354484,691066,958372
60,28573,ORD,CCY,76368,23070,246935,276892
61,28574,ORD,CEY,285890,105022,299814,409100
62,28575,ORD,CGI,331057,70259,336987,322684
63,28576,ORD,CHA,371335,168152,327433,379081
64,28577,ORD,CHI,751690,376976,684719,818250
65,28578,ORD,CHO,857885,463310,683988,794367
66,28579,ORD,CHS,427664,195298,489834,478782
67,28580,ORD,CID,629409,158539,321326,618482
68,28581,ORD,CIN,316452,104318,369951,275719
69,28582,ORD,CIR,723047,233280,374438,714165
70,28583,ORD,CKB,876639,244390,546158,837957
71,28584,ORD,CKV,553127,309269,622847,575189
72,28585,ORD,CLE,138826,69935,149150,170792
73,28586,ORD,CLI,448545,213035,432394,475533
74,28587,ORD,CLT,166611,86519,216862,316975
75,28588,ORD,CMH,238865,60143,226947,238840
76,28589,ORD,CMI,511364,229775,470396,643678
77,28590,ORD,CMX,651748,380870,557279,475343
78,28591,ORD,COD,963115,288351,529338,1002112
79,28592,ORD,COS,63661,34665,111672,230018
80,28593,ORD,COU,785409,286283,501685,632890
81,28594,ORD,CPH,840890,327650,491902,715039
82,28595,ORD,CRW,881728,194527,392826,883686
83,28596,ORD,CSQ,559604,114257,408640,652301
84,28597,ORD,CUN,917954,221363,556380,701466
85,28598,ORD,CVG,547457,215795,353083,503299
86,28599,ORD,CWI,755794,334256,630778,768761
87,28600,ORD,CZM,355961,180995,286258,333967
88,28601,ORD,DAY,796050,472882,745203,743863
89,28602,ORD,DBQ,290486,136878,398708,293822
90,28603,ORD,DEC,144066,62317,136207,255930
91,28604,ORD,DEL,112832,42986,173337,190504
92,28605,ORD,DEN,78738,32406,110915,124724
93,28606,ORD,DFW,886643,448698,780787,944433
94,28607,ORD,DLH,797419,399006,691355,728537
95,28608,ORD,DMO,250906,101533,231998,393639
96,28609,ORD,DNV,110938,33257,228278,160639
97,28610,ORD,DOH,132334,38080,236394,286662
98,28611,ORD,DSM,321786,146701,312339,509255
99,28612,ORD,DTT,525922,121286,380741,556649
100,28613,ORD,DUB,318245,114123,270841,509390
101,28614,ORD,DVN,538493,212529,406180,489443
102,28615,ORD,DXB,312512,62512,269083,440470
103,28616,ORD,EAR,302454,113954,377917,338406
104,28617,ORD,EAU,269012,130789,388783,263608
105,28618,ORD,ECP,708109,371070,587255,576322
106,28619,ORD,EDI,945606,227598,447382,940755
107,28620,ORD,EGE,101527,24371,91553,139694
108,28621,ORD,EGV,540208,136416,387263,489795
109,28622,ORD,EKX,155683,36507,281920,371488
110,28623,ORD,ELP,97025,57535,282068,184013
111,28624,ORD,ENL,966562,465166,667991,854736
112,28625,ORD,ENW,328194,93219,201466,529296
113,28626,ORD,EOK,551645,157234,280071,432221
114,28627,ORD,ERI,513173,232659,360862,582799
115,28628,ORD,ESC,418092,153846,265193,543631
116,28629,ORD,EUG,767491,393702,626743,723922
117,28630,ORD,EVV,382996,137176,264415,527411
118,28631,ORD,EYW,741687,419149,706888,663922
119,28632,ORD,FAI,802424,327420,604442,760682
120,28633,ORD,FAM,929553,382038,542150,692020
121,28634,ORD,FAR,449126,203005,464551,626526
122,28635,ORD,FAT,310246,91023,202043,322092
123,28636,ORD,FBL,231217,62088,306635,320825
124,28637,ORD,FCA,539719,180198,289084,585273
125,28638,ORD,FDY,105744,37529,212593,246911
126,28639,ORD,FFT,929372,321292,662689,850213
127,28640,ORD,FLD,828008,210245,514023,701314
128,28641,ORD,FLL,942944,222132,447920,841582
129,28642,ORD,FMY,799372,161868,499248,816540
130,28643,ORD,FNT,279602,151410,349701,279449
131,28644,ORD,FOD,206281,87658,277678,238880
132,28645,ORD,FRA,717901,239557,474985,690855
133,28646,ORD,FSD,955957,320783,637030,983292
134,28647,ORD,FWA,383675,81469,299052,399191
135,28648,ORD,FXY,718659,237635,530015,648901
136,28649,ORD,FYV,953165,210237,501760,977555
137,28650,ORD,GBG,879855,259028,558995,722225
138,28651,ORD,GCM,460408,268568,460231,427552
139,28652,ORD,GDL,240206,85918,234200,339358
140,28653,ORD,GEG,617172,177963,488102,637405
141,28654,ORD,GLR,201203,46745,280711,378572
142,28655,ORD,GPT,556088,242712,470302,559440
143,28656,ORD,GQQ,886256,311500,570821,856131
144,28657,ORD,GRB,345144,116198,376467,339399
145,28658,ORD,GRE,441132,131307,247755,513996
146,28659,ORD,GRR,649985,373694,569711,711563
147,28660,ORD,GSH,363968,134363,352302,502327
148,28661,ORD,GSO,479859,189062,404982,593602
149,28662,ORD,GSP,502572,279121,460373,561867
150,28663,ORD,GUA,974755,293298,523641,923939
151,28664,ORD,HAO,106671,45388,199665,252104
152,28665,ORD,HAR,456548,184581,280394,499251
153,28666,ORD,HDN,134312,52910,293721,198727
154,28667,ORD,HEL,757084,193562,385930,696999
155,28668,ORD,HFD,227333,107458,284946,356670
156,28669,ORD,HHH,512440,268312,493583,568633
157,28670,ORD,HKG,97579,56422,274668,189557
158,28671,ORD,HLG,964062,369857,655654,697471
159,28672,ORD,HLM,416255,222116,333851,391730
160,28673,ORD,HNB,56177,22805,224956,249738
161,28674,ORD,HNL,912376,420676,670333,697051
162,28675,ORD,HOU,343866,201570,310963,491649
163,28676,ORD,HPN,748180,269508,485466,877134
164,28677,ORD,HPT,945550,194774,359311,827140
165,28678,ORD,HRL,685718,267096,545362,830609
166,28679,ORD,HSV,428787,126649,266563,556928
167,28680,ORD,HTL,505100,110964,369590,656718
168,28681,ORD,HTS,611801,233610,498218,596959
169,28682,ORD,HUF,965140,399020,677191,731460
170,28683,ORD,HYD,66345,28750,199940,145385
171,28684,ORD,HYR,761456,356388,545295,742682
172,28685,ORD,ICT,148619,46831,225836,281976
173,28686,ORD,IDG,232072,128838,278939,240752
174,28687,ORD,IJX,276099,89369,187103,296747
175,28688,ORD,IKK,954974,516888,842564,875711
176,28689,ORD,ILM,59307,35125,244597,227570
177,28690,ORD,ILN,214497,124792,210061,312911
178,28691,ORD,IMT,662426,369870,692477,541293
179,28692,ORD,IND,377322,225179,500733,473580
180,28693,ORD,IOW,156042,47065,157325,214137
181,28694,ORD,IRK,525473,252583,365266,481276
182,28695,ORD,IRS,723796,297016,571901,629200
183,28696,ORD,IST,845204,432503,737346,868371
184,28697,ORD,ISW,362483,138141,273305,403247
185,28698,ORD,IWD,452857,136267,261054,534020
186,28699,ORD,JAC,957991,215888,519961,764456
187,28700,ORD,JAN,294475,150079,343131,363519
188,28701,ORD,JAX,509319,216128,389595,589134
189,28702,ORD,JEF,936030,481602,802851,852573
190,28703,ORD,JLN,533313,132216,356653,545997
191,28704,ORD,JOT,910605,300862,473974,758035
192,28705,ORD,JST,169960,99166,303364,346748
193,28706,ORD,JVL,150853,56113,306673,246187
194,28707,ORD,JXN,755013,203729,524333,851289
195,28708,ORD,KOA,707127,322678,610279,615150
196,28709,ORD,KRK,65317,28614,192406,140059
197,28710,ORD,LAF,616742,221589,387561,658400
198,28711,ORD,LAN,192229,83664,168454,221751
199,28712,ORD,LAS,284356,128981,232446,435720
0,8140,CDG,AAE,496122,295825,461663,639361
1,8141,CDG,ABJ,71500,34189,114776,133091
2,8142,CDG,ABV,100281,25986,235754,225673
3,8143,CDG,ACC,574807,214626,352946,659051
4,8144,CDG,ACE,350839,105756,305448,554774
5,8145,CDG,ADD,808221,165145,337229,784237
6,8146,CDG,AGA,915523,404634,619533,895801
7,8147,CDG,AGP,980838,452638,731764,1094472
8,8148,CDG,AJA,289066,141981,268571,327072
9,8149,CDG,ALC,730977,372065,670585,650609
10,8150,CDG,ALG,768149,333265,540488,701838
11,8151,CDG,AMM,349669,121393,209786,449109
12,8152,CDG,AMS,841666,326918,619862,805759
13,8153,CDG,ANE,657896,373366,671313,577758
14,8154,CDG,ANK,163713,74934,208309,308601
15,8155,CDG,ATH,492692,155950,296407,506607
16,8156,CDG,ATL,603795,280754,420477,525818
17,8157,CDG,AUH,358755,181417,445963,356612
18,8158,CDG,AVN,425017,151309,381609,458952
19,8159,CDG,AYT,251611,148237,375371,294689
20,8160,CDG,BAH,114093,58981,162288,149773
21,8161,CDG,BCN,54881,28697,88703,255760
22,8162,CDG,BEG,323275,185257,395668,334941
23,8163,CDG,BER,226065,104767,379729,295678
24,8164,CDG,BES,113353,42280,126744,218729
25,8165,CDG,BEY,300301,101738,238447,413521
26,8166,CDG,BFS,205856,55482,271473,355713
27,8167,CDG,BGF,220956,108556,275071,281412
28,8168,CDG,BGO,530525,278235,568724,537227
29,8169,CDG,BHX,260973,139011,363668,289121
30,8170,CDG,BIA,748182,190058,322575,698001
31,8171,CDG,BIO,141469,53078,309107,289169
32,8172,CDG,BIQ,456063,209585,484673,545142
33,8173,CDG,BJA,293757,142005,227707,399713
34,8174,CDG,BJS,334775,127083,230266,329424
35,8175,CDG,BKK,335255,117838,321311,474189
36,8176,CDG,BKO,561111,294088,558262,489504
37,8177,CDG,BLL,344135,72317,271171,502342
38,8178,CDG,BLQ,448708,236891,370944,556298
39,8179,CDG,BLR,591004,258967,396302,534477
40,8180,CDG,BOD,634115,290300,558889,543270
41,8181,CDG,BOG,315029,71060,225704,308402
42,8182,CDG,BOM,518574,137692,320328,535863
43,8183,CDG,BOS,76831,33794,215987,312516
44,8184,CDG,BRI,314048,104889,197238,468137
45,8185,CDG,BRS,927217,345780,499706,888006
46,8186,CDG,BRU,263704,54933,278335,291199
47,8187,CDG,BSK,290140,94433,280117,391723
48,8188,CDG,BUD,149627,84295,332096,184100
49,8189,CDG,BUE,220220,115579,199178,277805
50,8190,CDG,BUH,143005,46017,164296,280061
51,8191,CDG,BZV,342409,71332,289740,318105
52,8192,CDG,CAG,373246,171293,309585,455404
53,8193,CDG,CAI,840853,448564,648010,881292
54,8194,CDG,CAN,339341,148918,343067,463681
55,8195,CDG,CAY,761457,273221,579687,618061
56,8196,CDG,CFE,340524,143207,421807,458304
57,8197,CDG,CFK,813797,349649,646061,961616
58,8198,CDG,CFU,493816,260527,369196,472443
59,8199,CDG,CHI,841676,202850,468497,714721
60,8200,CDG,CKY,91799,47348,258309,149417
61,8201,CDG,CLJ,901502,208346,467592,784036
62,8202,CDG,CLY,946332,440366,627017,911818
63,8203,CDG,CMN,834981,488466,635574,740801
64,8204,CDG,COO,583228,345058,476371,595725
65,8205,CDG,CPH,400691,104345,263360,506039
66,8206,CDG,CPT,876306,433641,782874,731898
67,8207,CDG,CTA,888360,228273,419650,655599
68,8208,CDG,CUN,489652,126079,276249,685266
69,8209,CDG,CVG,213438,124441,243331,238188
70,8210,CDG,CZL,808062,470088,758925,690528
71,8211,CDG,DBV,216106,74118,260999,315632
72,8212,CDG,DEL,971192,546774,851256,765274
73,8213,CDG,DEN,719523,171914,380099,677661
74,8214,CDG,DFW,380991,96173,221029,479231
75,8215,CDG,DJE,939447,318426,518504,994176
76,8216,CDG,DKR,274894,100370,307564,302349
77,8217,CDG,DLA,639839,326914,553792,749302
78,8218,CDG,DOH,359724,81396,357695,445899
79,8219,CDG,DTT,525837,255430,421151,641759
80,8220,CDG,DUB,770895,372119,679669,660110
81,8221,CDG,DUS,487618,122094,316165,600571
82,8222,CDG,DXB,943702,414632,736719,835607
83,8223,CDG,DZA,817472,352084,601730,745905
84,8224,CDG,EAP,994154,457348,695870,811502
85,8225,CDG,EDI,911430,482098,692311,933306
86,8226,CDG,ELU,519860,159154,463435,501130
87,8227,CDG,ETZ,909550,303023,645516,734935
88,8228,CDG,EVN,435322,155045,301963,401690
89,8229,CDG,FAO,900735,345575,663496,804937
90,8230,CDG,FDF,112156,30083,233234,253730
91,8231,CDG,FEZ,788004,373382,594730,854615
92,8232,CDG,FIH,440580,203833,490126,351532
93,8233,CDG,FLR,832883,187821,470227,858124
94,8234,CDG,FNA,272065,59452,289638,323885
95,8235,CDG,FNI,627153,330141,616185,702028
96,8236,CDG,FOR,133611,36664,270734,313503
97,8237,CDG,FRA,456139,136979,367975,437711
98,8238,CDG,FSC,262751,54079,313065,290633
99,8239,CDG,FUE,818840,414692,576827,679564
100,8240,CDG,GLA,92272,40929,286817,181425
101,8241,CDG,GOA,549395,204903,361798,641087
102,8242,CDG,GOT,737352,322647,614626,703540
103,8243,CDG,GVA,932107,258257,513263,824404
104,8244,CDG,GZT,63203,22995,107326,244743
105,8245,CDG,HAJ,255026,118428,240956,314069
106,8246,CDG,HAM,387483,164203,398527,497624
107,8247,CDG,HAN,212433,81671,205846,266582
108,8248,CDG,HAV,472869,213393,472395,458951
109,8249,CDG,HEL,500423,224081,461069,518481
110,8250,CDG,HER,151213,75942,168185,286341
111,8251,CDG,HKG,574018,259922,480976,577725
112,8252,CDG,HKT,815532,276648,453106,615775
113,8253,CDG,HOU,214607,85248,251064,255859
114,8254,CDG,IBZ,741864,258393,506175,688970
115,8255,CDG,IEV,437070,218821,498096,564699
116,8256,CDG,ISB,190528,53493,251730,259754
117,8257,CDG,IST,835400,435596,744899,768888
118,8258,CDG,IZM,690440,298645,454361,727636
119,8259,CDG,JED,815866,210769,437769,844457
120,8260,CDG,JIB,236330,49626,183171,312804
121,8261,CDG,JMK,363118,202825,364983,441658
122,8262,CDG,JNB,756217,271062,444355,734859
123,8263,CDG,JTR,941203,394923,722722,811585
124,8264,CDG,KIV,395369,92358,242299,494647
125,8265,CDG,KLX,417011,90851,252209,526746
126,8266,CDG,KRK,787324,360657,688461,643023
127,8267,CDG,KWI,721261,235033,534319,662388
128,8268,CDG,LAD,371251,198878,306490,437134
129,8269,CDG,LAX,647019,271644,449608,678013
130,8270,CDG,LBA,956846,537768,840230,980981
131,8271,CDG,LBV,994271,430660,739411,825498
132,8272,CDG,LED,445171,91285,216363,480269
133,8273,CDG,LFW,784113,325622,601872,814619
134,8274,CDG,LIL,468125,184303,330916,526750
135,8275,CDG,LIM,915455,200551,394148,799162
136,8276,CDG,LIS,476787,242455,482265,584928
137,8277,CDG,LJU,777964,312116,522788,882073
138,8278,CDG,LME,610166,326023,444205,468501
139,8279,CDG,LON,191424,114440,220490,272689
140,8280,CDG,LOS,762287,199445,480504,739824
141,8281,CDG,LPA,315639,185817,363884,317896
142,8282,CDG,LUX,960084,238933,548154,895823
143,8283,CDG,LYS,138323,36244,219142,236936
144,8284,CDG,MAA,549667,226886,491769,572611
145,8285,CDG,MAD,488896,146960,379627,637927
146,8286,CDG,MAH,798066,309537,487846,572101
147,8287,CDG,MAN,442672,252882,516632,493809
148,8288,CDG,MCT,994123,450915,748409,763103
149,8289,CDG,MEX,143525,56754,160658,256652
150,8290,CDG,MIA,685198,156966,399691,654081
151,8291,CDG,MIL,247227,142153,332545,318814
152,8292,CDG,MIR,271159,74351,312611,475464
153,8293,CDG,MLA,172948,70569,201451,262056
154,8294,CDG,MLE,772754,246620,463865,746542
155,8295,CDG,MOW,233859,116993,339165,393835
156,8296,CDG,MPL,992993,530903,743506,910425
157,8297,CDG,MRS,760849,351879,528031,689731
158,8298,CDG,MRU,256060,143312,225332,420056
159,8299,CDG,MSP,240653,106189,339591,291614
160,8300,CDG,MSQ,198013,110405,335675,354335
161,8301,CDG,MUC,768706,332911,658855,583395
162,8302,CDG,NAP,842857,323816,664112,675374
163,8303,CDG,NBO,608824,170058,394343,583850
164,8304,CDG,NCE,598725,151566,370462,576043
165,8305,CDG,NCL,134575,35325,115663,267992
166,8306,CDG,NDJ,308614,77949,320886,376167
167,8307,CDG,NIM,106597,32607,277401,278317
168,8308,CDG,NKC,226645,102612,371043,247723
169,8309,CDG,NTE,802228,435596,653444,804013
170,8310,CDG,NUE,505336,178201,439578,494928
171,8311,CDG,NYC,675650,358143,645474,704196
172,8312,CDG,OLB,300180,148690,426294,354308
173,8313,CDG,OPO,209334,81764,206486,339861
174,8314,CDG,ORK,362074,104047,327105,542380
175,8315,CDG,ORN,834309,233621,522990,840241
176,8316,CDG,OSA,514605,235308,434771,499410
177,8317,CDG,OSL,335313,78100,317570,347668
178,8318,CDG,OUA,907870,184153,442429,896264
179,8319,CDG,OUD,508937,251057,463770,502314
180,8320,CDG,PAR,131026,58976,307840,206256
181,8321,CDG,PDL,714356,421010,669452,741123
182,8322,CDG,PHL,713444,272462,447101,652156
183,8323,CDG,PIS,775708,326345,538294,744087
184,8324,CDG,PMI,106408,27245,248601,286114
185,8325,CDG,PMO,727096,308352,584935,688869
186,8326,CDG,PNR,988143,455779,707943,773993
187,8327,CDG,PRG,364244,78460,346314,409828
188,8328,CDG,PSA,408606,177420,394535,413159
189,8329,CDG,PTP,75670,27961,210640,300099
190,8330,CDG,PTY,263968,69842,317977,270237
191,8331,CDG,PUF,901759,318966,482085,848237
192,8332,CDG,PUJ,953708,360877,525219,651232
193,8333,CDG,PUY,809467,375778,560606,792411
194,8334,CDG,QXB,572275,311350,517117,604844
195,8335,CDG,RAK,832991,379267,681170,727846
196,8336,CDG,RBA,94817,33002,108546,193133
197,8337,CDG,RDU,736266,313450,574211,692787
198,8338,CDG,REK,200783,74281,237468,257854
199,8339,CDG,RHE,554279,238992,545158,507787
0,25809,LHR,ABV,985704,405303,593471,792260
1,25810,LHR,ABZ,999441,378223,615063,846485
2,25811,LHR,ACC,676387,291680,500117,593426
3,25812,LHR,ACE,730710,244032,542974,676644
4,25813,LHR,ADD,773824,165879,436869,573518
5,25814,LHR,AGP,750967,364194,489623,623513
6,25815,LHR,ALC,363894,98219,324768,363081
7,25816,LHR,ALG,880159,473045,714987,913975
8,25817,LHR,AMD,84237,21660,84942,245578
9,25818,LHR,AMM,886618,526707,707491,875963
10,25819,LHR,AMS,261205,118969,318992,320152
11,25820,LHR,ANU,837560,252400,433770,743187
12,25821,LHR,ATH,123438,27943,131848,237738
13,25822,LHR,ATL,728990,375342,574297,777006
14,25823,LHR,ATQ,672493,364247,654697,672116
15,25824,LHR,AUH,334401,161496,283280,351892
16,25825,LHR,AUS,771089,347930,594719,706459
17,25826,LHR,AYT,691213,269190,465466,651733
18,25827,LHR,BAH,464519,180313,316750,472322
19,25828,LHR,BAK,136495,81147,327896,146576
20,25829,LHR,BCN,269990,55058,305547,439561
21,25830,LHR,BDA,217032,107259,195377,391849
22,25831,LHR,BDS,435387,118261,324487,559019
23,25832,LHR,BEG,708254,337190,554620,710634
24,25833,LHR,BER,248047,101424,274175,291041
25,25834,LHR,BEY,244666,129092,280668,382857
26,25835,LHR,BFS,469533,278745,527787,429401
27,25836,LHR,BGI,246780,136419,412686,413581
28,25837,LHR,BGO,608908,167578,378614,673127
29,25838,LHR,BIA,306284,111396,304202,467794
30,25839,LHR,BIO,216448,53818,307285,253856
31,25840,LHR,BJS,216544,110494,379744,232244
32,25841,LHR,BJV,661216,236559,444303,538360
33,25842,LHR,BKK,226445,120630,310278,303676
34,25843,LHR,BLL,366005,165674,387254,420398
35,25844,LHR,BLQ,386785,131180,348047,414065
36,25845,LHR,BLR,467768,258222,466030,514322
37,25846,LHR,BNA,164196,37275,128813,328917
38,25847,LHR,BOD,643604,347929,625769,629796
39,25848,LHR,BOG,442360,236602,371655,533950
40,25849,LHR,BOM,712370,319726,616751,630462
41,25850,LHR,BOS,307355,116423,401470,320749
42,25851,LHR,BRI,216050,122956,373734,393571
43,25852,LHR,BRS,845111,192252,482287,941329
44,25853,LHR,BRU,659308,165168,385373,809164
45,25854,LHR,BSH,887331,530966,723967,929149
46,25855,LHR,BUD,582832,329025,436546,457813
47,25856,LHR,BUE,147051,36214,158197,354599
48,25857,LHR,BUH,116507,68234,245383,235279
49,25858,LHR,BWN,781637,464885,660493,664559
50,25859,LHR,CAG,307349,184178,370545,309813
51,25860,LHR,CAI,307674,71264,210505,403214
52,25861,LHR,CAN,581529,230893,392087,626265
53,25862,LHR,CCU,379332,168294,363794,400928
54,25863,LHR,CFU,98703,31021,136265,267327
55,25864,LHR,CGN,476861,213474,445418,531003
56,25865,LHR,CHI,624905,257769,436949,773718
57,25866,LHR,CHQ,243905,109838,268539,298864
58,25867,LHR,CHS,685166,366281,598787,626178
59,25868,LHR,CHW,203296,45488,174152,342355
60,25869,LHR,CLJ,764223,205547,450632,759387
61,25870,LHR,CLT,674456,288931,523084,636551
62,25871,LHR,CMB,570928,172280,398617,540142
63,25872,LHR,CMN,730341,351399,588125,656704
64,25873,LHR,COK,202522,100262,177762,233163
65,25874,LHR,CPH,873827,191733,444310,708226
66,25875,LHR,CPT,92319,25664,136952,146392
67,25876,LHR,CTA,140578,45236,185166,265726
68,25877,LHR,DBV,402826,225113,443024,448094
69,25878,LHR,DEL,164918,53868,261773,346202
70,25879,LHR,DEN,135148,41844,163843,246730
71,25880,LHR,DFW,444694,172445,278344,508552
72,25881,LHR,DLM,513721,278671,563315,656188
73,25882,LHR,DOH,684471,410603,573725,619252
74,25883,LHR,DTT,947209,551181,720844,645575
75,25884,LHR,DUB,350033,129075,248248,510323
76,25885,LHR,DUR,559192,310882,562362,603005
77,25886,LHR,DUS,571092,195325,375700,414423
78,25887,LHR,DXB,373153,153643,429348,320622
79,25888,LHR,EAP,326649,155370,400894,399640
80,25889,LHR,EDI,177577,35616,238235,238780
81,25890,LHR,EFL,606834,277509,567118,683897
82,25891,LHR,EXT,984515,556204,847390,769214
83,25892,LHR,FAO,284133,65552,345480,400303
84,25893,LHR,FNC,995475,424109,698256,1059240
85,25894,LHR,FRA,275326,143129,242541,406612
86,25895,LHR,FSC,226264,89862,170737,332620
87,25896,LHR,GCM,718363,287990,509522,739299
88,25897,LHR,GDN,72368,39240,128846,285983
89,25898,LHR,GIB,930607,218931,424337,806548
90,25899,LHR,GLA,653020,181556,326671,496978
91,25900,LHR,GOI,234060,91435,200214,395174
92,25901,LHR,GOT,917192,341753,520918,969805
93,25902,LHR,GVA,109333,49724,300240,221573
94,25903,LHR,HAJ,383719,191207,475050,319733
95,25904,LHR,HAM,270255,105038,328248,348903
96,25905,LHR,HAN,986049,204660,446716,1033387
97,25906,LHR,HAV,115082,52652,183061,315659
98,25907,LHR,HEL,501212,193834,425013,459560
99,25908,LHR,HER,332486,199184,363977,456078
100,25909,LHR,HKG,807486,306655,537107,811311
101,25910,LHR,HKT,981243,446109,796995,984378
102,25911,LHR,HOU,799317,279115,500765,610188
103,25912,LHR,HYD,804386,452467,624481,763654
104,25913,LHR,IAS,263585,58807,163686,231131
105,25914,LHR,IBZ,813857,180373,484599,782243
106,25915,LHR,IEV,995470,307011,575971,878875
107,25916,LHR,INN,779300,231644,449462,719112
108,25917,LHR,INV,935663,320379,641408,808032
109,25918,LHR,IOM,995398,387714,640355,725530
110,25919,LHR,ISB,964865,382597,619614,906240
111,25920,LHR,IST,319203,183072,406239,340577
112,25921,LHR,JED,837293,379979,662337,744597
113,25922,LHR,JER,178380,101570,265920,232504
114,25923,LHR,JMK,813152,219897,554278,629569
115,25924,LHR,JNB,143232,82456,322693,201357
116,25925,LHR,JTR,485478,206553,473541,423530
117,25926,LHR,KGS,81534,39060,179164,136813
118,25927,LHR,KHI,56955,24534,94449,261022
119,25928,LHR,KLX,989977,238308,404620,714080
120,25929,LHR,KRK,425490,248759,538529,488266
121,25930,LHR,KUL,173237,79946,235595,202092
122,25931,LHR,KWI,78748,33513,121447,119254
123,25932,LHR,LAS,798676,232814,455577,774583
124,25933,LHR,LAX,131245,69225,296325,336472
125,25934,LHR,LCA,844974,428240,651406,866064
126,25935,LHR,LHE,149771,81966,310736,232092
127,25936,LHR,LIS,406654,120815,400488,574442
128,25937,LHR,LJU,264884,107329,235819,468943
129,25938,LHR,LLA,849380,227084,383230,697159
130,25939,LHR,LON,660972,293887,542822,686233
131,25940,LHR,LOS,872962,187652,495849,729438
132,25941,LHR,LPA,542115,113331,321194,569774
133,25942,LHR,LUX,951355,191189,412724,913045
134,25943,LHR,LXR,362229,171955,381334,381815
135,25944,LHR,LYS,999436,219986,408703,870962
136,25945,LHR,MAA,386017,122522,402095,457490
137,25946,LHR,MAD,591921,247545,508589,603230
138,25947,LHR,MAH,104480,51395,121533,184129
139,25948,LHR,MAN,885028,258942,439165,932150
140,25949,LHR,MBJ,216740,66201,286106,415009
141,25950,LHR,MCT,717317,411004,567975,709267
142,25951,LHR,MEX,456748,91985,209820,563711
143,25952,LHR,MIA,543116,167156,293453,473317
144,25953,LHR,MIL,54875,13721,134528,249158
145,25954,LHR,MLA,197323,41144,194694,343461
146,25955,LHR,MLE,982308,505199,811802,827185
147,25956,LHR,MME,757954,218397,383352,730424
148,25957,LHR,MNL,925588,279848,503533,662875
149,25958,LHR,MOW,865473,176993,524452,912281
150,25959,LHR,MRS,556977,258211,369365,517463
151,25960,LHR,MRU,353945,185569,473589,361808
152,25961,LHR,MSP,790672,443514,619533,652968
153,25962,LHR,MSY,639061,149531,341765,557314
154,25963,LHR,MUC,599706,155773,328616,668365
155,25964,LHR,NAP,983263,578384,852058,847633
156,25965,LHR,NAS,410002,129940,363449,361626
157,25966,LHR,NBO,467387,278182,474674,609818
158,25967,LHR,NCE,420916,238541,523205,471753
159,25968,LHR,NCL,290962,173000,283689,396264
160,25969,LHR,NQY,436861,240743,536541,530142
161,25970,LHR,NYC,857635,257522,491069,791632
162,25971,LHR,OLB,580088,248442,515326,566011
163,25972,LHR,OPO,650167,374281,615374,726469
164,25973,LHR,ORK,441534,199050,310653,416161
165,25974,LHR,ORL,599503,282013,434365,663149
166,25975,LHR,OSA,768188,403715,693852,664768
167,25976,LHR,OSL,170448,40343,182164,349550
168,25977,LHR,OXF,722449,241523,479448,868677
169,25978,LHR,PAR,502037,237887,529838,552094
170,25979,LHR,PDX,158930,74236,159550,328614
171,25980,LHR,PEG,444917,219607,503104,545710
172,25981,LHR,PER,209599,101939,310027,319168
173,25982,LHR,PFO,987222,365085,578744,729755
174,25983,LHR,PHL,957136,331280,569483,837124
175,25984,LHR,PHX,790311,315164,490128,608910
176,25985,LHR,PLH,677721,254549,562819,665910
177,25986,LHR,PMI,564023,182983,457248,669801
178,25987,LHR,PMO,968958,336688,677309,812854
179,25988,LHR,PRG,137567,65338,140831,362125
180,25989,LHR,PRN,978374,577420,824037,1038856
181,25990,LHR,PSA,488782,196354,414227,487960
182,25991,LHR,PUY,405977,190088,317903,436692
183,25992,LHR,PVK,918315,421893,719477,966549
184,25993,LHR,QQX,263958,107666,277621,283987
185,25994,LHR,RAK,201389,59936,199344,307009
186,25995,LHR,RBA,520619,212965,347348,403893
187,25996,LHR,RDU,593424,275348,564823,443603
188,25997,LHR,REK,237796,109020,350543,268347
189,25998,LHR,RHO,384359,86002,367361,502446
190,25999,LHR,RIO,716216,267087,433028,688250
191,26000,LHR,RIX,310815,139646,323202,415085
192,26001,LHR,ROM,515310,173838,295527,596020
193,26002,LHR,RUH,940792,441206,600031,936774
194,26003,LHR,SAN,382437,197077,424978,479911
195,26004,LHR,SAO,974064,243726,461629,952216
196,26005,LHR,SCL,924225,228661,535276,894226
197,26006,LHR,SCR,970956,509644,797970,945357
198,26007,LHR,SEA,398070,176163,357528,403024
199,26008,LHR,SEL,576666,192244,436594,604640
0,9205,FRA,ABV,826257,419193,551751,846195
1,9206,FRA,ACE,849400,487399,837533,724756
2,9207,FRA,ADA,678946,394803,690490,754843
3,9208,FRA,ADD,544247,186619,504417,516215
4,9209,FRA,AGA,819186,189119,388276,706463
5,9210,FRA,AGP,470120,164046,425809,622811
6,9211,FRA,ALA,985793,320568,538537,710864
7,9212,FRA,ALC,275572,130646,381303,478607
8,9213,FRA,ALG,309989,137603,380866,380158
9,9214,FRA,ALY,938342,251687,525405,949583
10,9215,FRA,AMM,127295,51493,306952,285762
11,9216,FRA,AMS,86972,20411,202087,229839
12,9217,FRA,ANC,291330,131097,217414,314085
13,9218,FRA,ANK,147722,49226,234614,353572
14,9219,FRA,ASR,494110,137511,284344,542115
15,9220,FRA,ATH,433263,214045,324062,533403
16,9221,FRA,ATL,56876,25602,173971,262204
17,9222,FRA,AUH,775861,455145,678191,619693
18,9223,FRA,AUS,141095,49132,254251,314848
19,9224,FRA,AYT,739461,337885,625059,778830
20,9225,FRA,BAH,872171,521476,723990,778447
21,9226,FRA,BAK,576593,119086,426733,558185
22,9227,FRA,BCN,639317,170764,423066,682838
23,9228,FRA,BEG,513598,275607,538928,580866
24,9229,FRA,BER,859252,182154,320691,774757
25,9230,FRA,BEY,244434,70696,278358,347438
26,9231,FRA,BGI,680384,285325,545759,748538
27,9232,FRA,BGO,528145,176320,495163,613187
28,9233,FRA,BHX,570357,143948,311162,548015
29,9234,FRA,BIA,521236,129790,375905,644867
30,9235,FRA,BIO,835339,476267,665085,736223
31,9236,FRA,BJS,442638,172267,455304,451991
32,9237,FRA,BJV,458230,148970,332544,511260
33,9238,FRA,BKK,758574,232070,481359,733329
34,9239,FRA,BLL,601836,351828,609687,613629
35,9240,FRA,BLQ,770910,335533,643309,844577
36,9241,FRA,BLR,606662,183010,304237,628906
37,9242,FRA,BOD,845707,476583,802462,962186
38,9243,FRA,BOG,270274,77504,342849,440915
39,9244,FRA,BOM,551393,204353,482988,669307
40,9245,FRA,BOS,880245,453315,703228,709716
41,9246,FRA,BRE,947609,332769,595780,1010337
42,9247,FRA,BRI,701636,271705,515001,533659
43,9248,FRA,BRS,619971,322683,596717,550740
44,9249,FRA,BRU,965821,567499,914881,1051299
45,9250,FRA,BUD,552115,127425,361115,701306
46,9251,FRA,BUE,937691,546968,780939,866235
47,9252,FRA,BUH,339806,179817,446979,454408
48,9253,FRA,BVC,519495,180103,418517,518552
49,9254,FRA,BZG,823317,320577,620734,798730
50,9255,FRA,CAG,130557,31698,259534,312181
51,9256,FRA,CAI,569909,121887,274400,577021
52,9257,FRA,CFU,970444,569800,863504,813675
53,9258,FRA,CGN,197445,111630,362860,301892
54,9259,FRA,CHI,429782,235494,422008,464651
55,9260,FRA,CHQ,186439,57956,127089,246790
56,9261,FRA,CLJ,480634,100730,209326,568660
57,9262,FRA,CLT,703185,276548,595380,705469
58,9263,FRA,CMB,329190,187229,472211,354562
59,9264,FRA,CMN,830223,197160,527288,854551
60,9265,FRA,CPH,57749,14385,266335,275986
61,9266,FRA,CPT,89170,43096,247604,125464
62,9267,FRA,CTA,400742,173047,366253,424512
63,9268,FRA,CTU,692733,173668,426888,663970
64,9269,FRA,CUN,421385,143849,412763,464608
65,9270,FRA,DBV,289078,70000,216490,261697
66,9271,FRA,DEL,894773,517249,712024,872896
67,9272,FRA,DEN,51732,11888,214023,252157
68,9273,FRA,DFW,571756,166488,483676,454561
69,9274,FRA,DIY,253971,65172,197586,311973
70,9275,FRA,DJE,539873,314013,516580,528863
71,9276,FRA,DLM,92413,32094,265487,222997
72,9277,FRA,DMM,919802,344624,675009,997924
73,9278,FRA,DOH,541391,269836,431275,594011
74,9279,FRA,DRS,870715,181254,484945,741210
75,9280,FRA,DTM,819683,438585,667359,779969
76,9281,FRA,DTT,992299,315336,480257,888591
77,9282,FRA,DUB,145264,77573,209112,228660
78,9283,FRA,DUS,425238,164942,398921,512295
79,9284,FRA,DXB,350106,87957,193581,363731
80,9285,FRA,EAP,791173,373181,551195,790216
81,9286,FRA,EBL,432330,94992,300859,522574
82,9287,FRA,EDI,334210,126085,324481,338629
83,9288,FRA,ERF,66581,32342,161538,259253
84,9289,FRA,EZS,362990,149553,382035,514080
85,9290,FRA,FAO,326556,162139,320712,301685
86,9291,FRA,FDH,491484,201631,328152,481650
87,9292,FRA,FKB,127246,29338,265521,173419
88,9293,FRA,FLR,978190,353399,691550,1020239
89,9294,FRA,FMO,773623,460092,730478,640475
90,9295,FRA,FMY,538069,234206,340443,598433
91,9296,FRA,FNC,517923,218589,355639,402472
92,9297,FRA,FRA,632066,313138,595463,620617
93,9298,FRA,FUE,569980,271264,571131,567399
94,9299,FRA,GDN,866401,410189,545953,868788
95,9300,FRA,GLA,309004,83485,278108,285983
96,9301,FRA,GND,68696,28525,107601,125658
97,9302,FRA,GOA,812595,302957,652912,723974
98,9303,FRA,GOT,556880,304464,440607,572063
99,9304,FRA,GPA,354608,200426,414170,514689
100,9305,FRA,GRZ,768804,385088,531778,794264
101,9306,FRA,GUW,368830,166429,319650,504568
102,9307,FRA,GVA,177996,78297,341514,178525
103,9308,FRA,GWT,667007,284916,608207,614515
104,9309,FRA,GZT,244095,90072,204980,267763
105,9310,FRA,HAJ,422521,215286,451218,505944
106,9311,FRA,HAM,812378,171505,516511,868291
107,9312,FRA,HAN,829748,328318,599045,752351
108,9313,FRA,HAV,119242,46387,215225,160414
109,9314,FRA,HDF,289263,73268,195585,297120
110,9315,FRA,HEL,118656,66673,254501,268699
111,9316,FRA,HER,477526,116049,275816,598945
112,9317,FRA,HGH,455509,177453,350619,442124
113,9318,FRA,HKG,493480,278812,466955,485408
114,9319,FRA,HKT,271211,117631,249073,373938
115,9320,FRA,HOG,551308,127446,243179,449512
116,9321,FRA,HOU,361677,151505,324616,503429
117,9322,FRA,HRG,392752,214068,416330,528250
118,9323,FRA,IAS,929129,425683,688954,897123
119,9324,FRA,IBZ,208163,88605,187736,352905
120,9325,FRA,IEV,125015,49253,155105,341705
121,9326,FRA,INN,637142,181823,361962,703094
122,9327,FRA,IST,305534,176087,296843,324890
123,9328,FRA,IVL,141335,29900,170150,207955
124,9329,FRA,IZM,337459,95688,254971,389905
125,9330,FRA,JED,873558,393353,628471,960989
126,9331,FRA,JMK,853647,303450,534465,809470
127,9332,FRA,JNB,332022,174408,345772,297022
128,9333,FRA,JSI,300297,122493,301183,414346
129,9334,FRA,JTR,830487,408386,737722,560281
130,9335,FRA,KAO,311446,100824,324593,412488
131,9336,FRA,KGS,302051,71641,311684,423279
132,9337,FRA,KIV,357174,88269,241312,496209
133,9338,FRA,KLX,931227,346465,620750,663997
134,9339,FRA,KRK,815558,311662,556726,678884
135,9340,FRA,KSF,198081,112354,349535,253873
136,9341,FRA,KTW,206555,54354,164943,264358
137,9342,FRA,KVA,121741,41253,226112,239508
138,9343,FRA,KWI,626478,186888,439922,544923
139,9344,FRA,KZN,220255,63807,328858,366249
140,9345,FRA,LAD,504285,113586,242334,687373
141,9346,FRA,LAS,469804,248958,541759,432510
142,9347,FRA,LAX,277150,155323,346469,377933
143,9348,FRA,LCA,466583,132496,434783,615598
144,9349,FRA,LED,153476,33408,251906,318541
145,9350,FRA,LEJ,699137,257097,540672,648209
146,9351,FRA,LGG,582407,170101,441824,591778
147,9352,FRA,LIS,575535,183005,357448,626697
148,9353,FRA,LJU,356178,176254,289777,344436
149,9354,FRA,LNZ,893151,271566,455654,851004
150,9355,FRA,LON,522604,146746,396466,412220
151,9356,FRA,LOS,497045,286456,441577,431426
152,9357,FRA,LPA,401379,235547,415615,475289
153,9358,FRA,LUX,778928,462492,766212,778148
154,9359,FRA,LWO,448506,197691,366618,381638
155,9360,FRA,LYS,675128,243255,547502,640178
156,9361,FRA,MAA,556237,318880,539809,568459
157,9362,FRA,MAD,740187,202905,360647,547837
158,9363,FRA,MAH,856082,215176,476264,743567
159,9364,FRA,MAN,755198,233195,446965,570254
160,9365,FRA,MBA,876918,207495,447940,665200
161,9366,FRA,MBJ,900360,335876,546600,858883
162,9367,FRA,MCT,518951,135852,269184,535619
163,9368,FRA,MEX,157528,46844,208168,256213
164,9369,FRA,MHG,220273,60899,184961,206638
165,9370,FRA,MIA,302522,115097,226007,296823
166,9371,FRA,MIL,605749,146740,436626,624431
167,9372,FRA,MIR,457398,129323,338036,441764
168,9373,FRA,MLA,593517,228471,496969,601713
169,9374,FRA,MLE,696729,414421,701376,720577
170,9375,FRA,MLX,131387,32754,188301,225444
171,9376,FRA,MOW,807893,368560,509541,795236
172,9377,FRA,MRS,188370,83805,176599,377852
173,9378,FRA,MRU,925791,241166,526304,884729
174,9379,FRA,MSP,548790,193621,461048,415053
175,9380,FRA,MSQ,160300,71807,287062,242094
176,9381,FRA,MUC,722575,282027,507671,700886
177,9382,FRA,NAP,808369,331530,675640,705625
178,9383,FRA,NBO,290669,164145,362623,245979
179,9384,FRA,NCE,247240,108263,351290,452785
180,9385,FRA,NCL,813991,433886,599737,768930
181,9386,FRA,NDR,409321,245503,414155,416088
182,9387,FRA,NGO,172070,35749,123653,340648
183,9388,FRA,NKG,950217,381227,568813,942477
184,9389,FRA,NQZ,699103,418611,715476,621835
185,9390,FRA,NTE,241634,135684,361864,427414
186,9391,FRA,NUE,897712,201451,502782,836799
187,9392,FRA,NYC,90686,30109,113998,192472
188,9393,FRA,OLB,91008,32549,159884,196287
189,9394,FRA,OPO,638868,272352,435643,733038
190,9395,FRA,ORK,895541,306217,497535,714379
191,9396,FRA,ORL,784326,216640,401760,621687
192,9397,FRA,OSA,412605,152027,271602,441098
193,9398,FRA,OSL,776756,382464,563622,828461
194,9399,FRA,OVB,696309,367784,599275,826419
195,9400,FRA,PAR,988288,504213,755386,657665
196,9401,FRA,PDL,754086,294380,510332,720044
197,9402,FRA,PDX,804247,283663,579695,634869
198,9403,FRA,PFO,474224,144457,318637,483785
199,9404,FRA,PHL,410694,130628,328707,457672
0,888,TIA,FRA,501434,164389,331142,434783
1,956,ALG,FRA,463466,171597,329477,370198
2,1115,LAD,FRA,333500,119153,393326,348342
3,1200,EZE,FRA,54516,27819,234504,144107
4,1754,INN,FRA,371210,157025,405834,308786
5,1821,VIE,FRA,566231,124702,285062,445789
6,1933,GRZ,FRA,572608,159599,388475,596598
7,1949,LNZ,FRA,694823,347015,657244,770109
8,1966,SZG,FRA,995313,295394,522146,902385
9,2013,GYD,FRA,85800,34219,135634,125522
10,2153,BAH,FRA,202258,98631,286229,392104
11,2250,BGI,FRA,230121,104254,275402,334378
12,2281,MSQ,FRA,175878,71156,247506,265787
13,2406,BRU,FRA,749679,321994,530939,798162
14,2744,SJJ,FRA,838415,455726,715381,738040
15,2773,TZL,FRA,535823,247433,498484,465525
16,2897,GIG,FRA,254045,60112,201808,421184
17,3084,SOF,FRA,597109,217912,352285,557739
18,3187,VAR,FRA,355557,137230,274456,462163
19,3435,YUL,FRA,545069,156969,372009,471913
20,3554,YVR,FRA,497771,244097,447898,484213
21,3693,YYC,FRA,636939,371330,499739,546907
22,3816,YYZ,FRA,585386,180171,347727,602993
23,3994,YHZ,FRA,672554,262595,417953,612231
24,4130,SID,FRA,896808,277440,604682,839244
25,4239,SCL,FRA,976913,471954,663786,845942
26,4359,PEK,FRA,260208,132617,271939,327939
27,5095,HGH,FRA,779394,413264,719939,712346
28,5209,NKG,FRA,304215,140257,278292,441471
29,5328,CTU,FRA,147312,74072,201076,248844
30,5739,SHE,FRA,793567,167240,402551,746064
31,6189,BOG,FRA,784038,209808,396064,656796
32,6380,SJO,FRA,369574,138260,406045,435649
33,6417,ZAG,FRA,872255,180315,482338,902714
34,6448,PUY,FRA,596422,330096,559005,628017
35,6475,ZAD,FRA,440654,245308,355531,450235
36,6508,DBV,FRA,636010,366489,640379,701277
37,6562,RJK,FRA,185794,81288,254190,354752
38,6596,SPU,FRA,355985,171188,462422,386685
39,6651,HAV,FRA,524301,151931,398658,628528
40,6698,VRA,FRA,613846,265903,575804,683982
41,6722,HOG,FRA,884743,523676,742208,881091
42,6765,LCA,FRA,283661,77265,291953,407853
43,6846,PFO,FRA,235617,82236,344480,353096
44,6910,PRG,FRA,149526,30361,211599,299252
45,7127,CPH,FRA,495873,290805,528423,358730
46,7254,BLL,FRA,438337,94356,297056,500838
47,7348,PUJ,FRA,474067,200641,428420,556820
48,7403,SDQ,FRA,230347,126812,359427,261093
49,7476,HBE,FRA,684556,280444,598146,749629
50,7534,CAI,FRA,947382,327287,551557,825143
51,7625,HRG,FRA,372863,123266,267243,356681
52,7678,RMF,FRA,328558,81957,224843,295964
53,7768,TLL,FRA,158230,42740,161431,282380
54,7832,ADD,FRA,525850,157240,384185,553766
55,8029,HEL,FRA,546745,222711,460519,501864
56,8237,CDG,FRA,830282,310326,502537,673849
57,8437,NCE,FRA,670637,144708,301570,752634
58,8684,NTE,FRA,937434,247003,573074,1013244
59,8750,SXB,FRA,898385,257181,569618,673055
60,8793,BOD,FRA,743003,231946,515910,807924
61,9105,BER,FRA,943216,194971,414533,847419
62,9297,FRA,FRA,910734,214598,528804,832455
63,9561,DUS,FRA,168012,92390,251798,388436
64,9679,NUE,FRA,716970,269017,609250,579338
65,9714,BRE,FRA,100413,52328,275242,228730
66,9732,FKB,FRA,791192,205443,520367,718360
67,9752,DRS,FRA,631522,146429,445396,605747
68,9774,FMO,FRA,683702,350963,658018,841098
69,9824,HAM,FRA,249437,61702,295769,330698
70,9933,CGN,FRA,889007,291029,491538,767689
71,10076,MUC,FRA,707208,320887,611158,648553
72,10217,LEJ,FRA,250399,122420,393198,426157
73,10274,STR,FRA,550278,283457,441541,538825
74,10368,HAJ,FRA,347340,139598,396029,448718
75,10459,DTM,FRA,849426,193323,354033,982979
76,10586,ATH,FRA,739722,342315,549708,800021
77,10711,KLX,FRA,356470,157740,357918,424928
78,10745,KGS,FRA,473313,263961,516740,542306
79,10809,CFU,FRA,725632,338720,471964,679615
80,10865,KVA,FRA,273009,158121,383910,298483
81,10914,RHO,FRA,814849,245131,401077,629742
82,10984,CHQ,FRA,236740,139118,236022,350849
83,11017,SMI,FRA,192980,92102,325868,191082
84,11053,SKG,FRA,232621,94684,228265,336613
85,11123,ZTH,FRA,616139,348260,617805,642725
86,11166,JSI,FRA,120969,28160,205319,270564
87,11452,HKG,FRA,527171,143595,410808,489582
88,11564,BUD,FRA,903416,190901,376881,799860
89,11678,DEL,FRA,957692,518629,863633,938515
90,11841,BOM,FRA,746656,188908,403015,659524
91,11996,BLR,FRA,961274,424404,729773,909615
92,12200,MAA,FRA,122545,60297,171220,232886
93,12751,IKA,FRA,602402,187060,317687,440778
94,12999,EBL,FRA,91671,43602,149850,175181
95,13084,DUB,FRA,585236,143509,296971,461432
96,13162,ORK,FRA,553219,137634,348205,577456
97,13221,TLV,FRA,207220,115030,298829,229764
98,13352,MXP,FRA,865696,474411,756879,727988
99,13508,FCO,FRA,953322,200271,513092,966963
100,13636,PSA,FRA,69162,40434,200984,122660
101,13685,CTA,FRA,363688,88778,311052,497973
102,13768,CAG,FRA,602475,284022,573909,611905
103,13857,GOA,FRA,540777,115257,324228,630445
104,13907,BLQ,FRA,79785,34419,117366,207979
105,13967,TRS,FRA,772370,221579,475662,573156
106,14027,NAP,FRA,613925,333304,558268,469623
107,14163,MBJ,FRA,143113,36852,109603,234053
108,14195,NGO,FRA,87698,31692,127045,292977
109,14259,NRT,FRA,95548,51093,295312,125593
110,14495,HND,FRA,627115,153938,390557,672079
111,14631,AMM,FRA,110596,35460,234605,216802
112,14675,ALA,FRA,609938,171807,418228,476608
113,14742,URA,FRA,535340,243860,537565,641136
114,14751,GUW,FRA,703319,382391,607011,655842
115,14781,MBA,FRA,979824,497274,791940,1007379
116,14818,NBO,FRA,166506,95153,353953,290767
117,14983,ICN,FRA,645518,183642,477367,670960
118,15189,PRN,FRA,689676,138924,320967,649588
119,15231,KWI,FRA,903692,460389,807675,796407
120,15324,SUF,FRA,69920,15631,237479,265615
121,15397,RIX,FRA,748645,385860,696531,745173
122,15485,BEY,FRA,588550,211119,346799,609240
123,15559,VNO,FRA,846630,316123,623708,851615
124,15631,LUX,FRA,631820,241405,520000,485284
125,16042,MLE,FRA,685480,244575,470905,733617
126,16100,MLA,FRA,782368,316941,511483,676677
127,16175,MRU,FRA,178992,69564,293228,298013
128,16230,MEX,FRA,546929,304589,602465,503415
129,16335,CUN,FRA,814412,443837,641771,674464
130,16664,KIV,FRA,262686,100230,233790,385159
131,16690,ULN,FRA,957260,276727,428684,827356
132,16723,TIV,FRA,631892,156764,452002,682698
133,16778,CMN,FRA,301820,136453,307974,430434
134,16841,NDR,FRA,809338,461101,755091,618182
135,16862,RAK,FRA,724611,255973,553678,678167
136,16919,AGA,FRA,262834,121824,282080,305314
137,17035,WDH,FRA,282576,111744,263061,410425
138,17189,AMS,FRA,953339,534680,845335,806857
139,17698,ABV,FRA,564504,327681,549354,559091
140,17755,LOS,FRA,948405,400133,701496,847712
141,17835,MCT,FRA,516717,153878,286071,547636
142,18082,PTY,FRA,775687,371328,637112,896454
143,18557,KRK,FRA,79365,18651,187717,221604
144,18639,WAW,FRA,705329,344398,637853,691799
145,18757,GDN,FRA,180729,105986,309198,237263
146,18812,KTW,FRA,213376,111326,283783,412610
147,18883,WRO,FRA,846836,374287,625803,864625
148,18900,BZG,FRA,399193,90648,270160,584342
149,18916,POZ,FRA,424200,219046,355973,504957
150,18977,LIS,FRA,370241,178425,405694,375184
151,19065,PDL,FRA,338280,82924,221050,382424
152,19094,OPO,FRA,75222,43516,259197,181437
153,19146,FNC,FRA,455857,129186,403657,452329
154,19213,FAO,FRA,584037,327961,578608,620007
155,19259,SJU,FRA,685918,343623,585018,665358
156,19358,DOH,FRA,589357,154496,292687,619738
157,19504,CLJ,FRA,305982,151801,286511,331254
158,19550,IAS,FRA,587339,283367,581385,613592
159,19607,OTP,FRA,522739,277053,415267,550012
160,19674,SBZ,FRA,119563,36387,285747,181003
161,19703,TSR,FRA,139097,50672,284954,308893
162,19734,SVX,FRA,151194,62361,291196,226710
163,19839,DME,FRA,525306,282060,437086,462416
164,19999,SVO,FRA,179506,51501,201797,313277
165,20159,KZN,FRA,770863,305285,585321,715032
166,20751,RUH,FRA,954655,512339,736870,795353
167,20831,DMM,FRA,497263,170875,343020,417778
168,20910,JED,FRA,709365,395805,698870,589751
169,21050,SEZ,FRA,292999,72093,180523,322600
170,21110,SIN,FRA,874142,483781,691780,956471
171,21239,LJU,FRA,891500,347488,668561,933549
172,21349,JNB,FRA,469672,239339,489238,447951
173,21410,CPT,FRA,681042,145696,380824,743557
174,21533,MAD,FRA,594228,258992,384948,614362
175,21680,TFS,FRA,186892,72056,331398,357376
176,21756,ALC,FRA,730100,213449,487535,575150
177,21860,BCN,FRA,394429,208013,485326,335115
178,22008,AGP,FRA,970147,563869,729739,836885
179,22117,PMI,FRA,919782,233927,562496,756459
180,22207,SCQ,FRA,490280,209381,415083,481769
181,22230,SVQ,FRA,310939,65289,263108,353763
182,22319,BIO,FRA,215869,69735,268948,306556
183,22407,CMB,FRA,588049,303047,421327,583879
184,22520,GOT,FRA,716345,393200,570340,723675
185,22610,ARN,FRA,900533,539324,729276,809885
186,22720,KLR,FRA,820902,293672,459584,794815
187,22800,ZRH,FRA,72349,37529,286118,113099
188,22988,GVA,FRA,740428,215498,539201,668904
189,23117,TPE,FRA,302545,151736,405118,431570
190,23383,ZNZ,FRA,430251,243058,530247,373249
191,23462,BKK,FRA,756185,386338,665525,869394
192,23822,TUN,FRA,703406,369302,610082,681323
193,23867,MIR,FRA,288825,97321,181659,506526
194,23999,IST,FRA,826069,234712,450108,823472
195,24213,ESB,FRA,431546,121324,314014,497395
196,24263,ADA,FRA,948625,247292,589888,854131
197,24323,AYT,FRA,904979,435224,613824,860564
198,24433,GZT,FRA,585258,158487,309356,552740
199,24452,ASR,FRA,605582,301458,462562,587479
0,933,ALG,BCN,80908,44424,258888,273187
1,1059,ORN,BCN,205231,91511,215859,318786
2,1185,EZE,BCN,999611,417280,678500,1116849
3,1777,VIE,BCN,825694,444576,634386,755786
4,2270,MSQ,BCN,387046,123210,232187,509795
5,2352,BRU,BCN,540397,166355,383361,424955
6,3058,SOF,BCN,404294,188754,320022,352998
7,3172,VAR,BCN,381732,119038,339040,349032
8,3408,YUL,BCN,746538,315692,646445,774436
9,3779,YYZ,BCN,523088,233814,373616,539519
10,4226,SCL,BCN,137998,34096,302856,218628
11,6173,BOG,BCN,848832,462453,689416,901417
12,6406,ZAG,BCN,957862,348609,669595,1007867
13,6492,DBV,BCN,479499,197859,365191,610695
14,6578,SPU,BCN,575077,286700,477584,548461
15,6737,LCA,BCN,789181,316525,588455,866002
16,6882,PRG,BCN,606888,199564,422495,576049
17,7089,CPH,BCN,796301,390289,656349,769254
18,7246,BLL,BCN,239899,59765,261867,311010
19,7508,CAI,BCN,159756,92380,316204,292733
20,8002,HEL,BCN,952285,330815,561299,906172
21,8161,CDG,BCN,258735,140094,357468,443837
22,8407,NCE,BCN,105388,57175,141311,161926
23,8532,ORY,BCN,974027,430117,744553,1030829
24,8668,NTE,BCN,634101,204103,507947,603268
25,8738,SXB,BCN,361417,214472,499213,374486
26,8775,BOD,BCN,500514,193703,404132,459612
27,8971,BJL,BCN,724973,321639,549469,642310
28,9070,BER,BCN,293583,100300,250331,361356
29,9227,FRA,BCN,578113,251486,426987,571464
30,9516,DUS,BCN,136374,68719,226442,183406
31,9673,NUE,BCN,253762,119070,358263,327088
32,9796,HAM,BCN,335556,188901,432022,278038
33,9904,CGN,BCN,269303,68368,227498,393051
34,10022,MUC,BCN,412071,188781,385641,405940
35,10244,STR,BCN,284913,123727,307390,336748
36,10351,HAJ,BCN,518190,297433,502329,589463
37,10554,ATH,BCN,229422,95184,211001,230145
38,10788,CFU,BCN,415396,163206,344817,336623
39,11424,HKG,BCN,927614,257419,431333,1042002
40,11540,BUD,BCN,292947,117200,388221,461060
41,12735,IKA,BCN,583624,159405,425132,623213
42,13054,DUB,BCN,114493,41534,303755,238481
43,13191,TLV,BCN,756892,169576,449833,573902
44,13314,MXP,BCN,512420,277898,431602,559253
45,13467,FCO,BCN,551071,122681,316402,696928
46,13623,PSA,BCN,295040,144259,309032,395265
47,13663,CTA,BCN,389276,107004,197312,389411
48,13737,AHO,BCN,878475,339952,637411,881495
49,13757,CAG,BCN,983358,306526,474247,684211
50,13852,GOA,BCN,568648,281712,428975,636241
51,13886,BLQ,BCN,920052,223425,412397,891890
52,14004,NAP,BCN,289932,93628,361185,283403
53,14614,AMM,BCN,114180,59649,217780,162268
54,14953,ICN,BCN,909656,346219,668531,865800
55,15378,RIX,BCN,485796,98448,221339,507676
56,15468,BEY,BCN,771176,221846,420970,652941
57,15604,LUX,BCN,483653,206975,327177,604595
58,16088,MLA,BCN,954043,479219,808314,765587
59,16208,MEX,BCN,501950,144912,390524,574541
60,16311,CUN,BCN,117259,26636,227693,268085
61,16653,KIV,BCN,997529,579866,886100,847554
62,16754,CMN,BCN,613997,136760,270683,439056
63,16835,NDR,BCN,369930,118487,365799,333942
64,16850,RAK,BCN,938694,360986,570348,1001101
65,16893,TNG,BCN,763646,318994,608461,800963
66,16943,FEZ,BCN,400439,148720,355275,503204
67,17121,AMS,BCN,52013,25465,89729,269565
68,17405,RTM,BCN,600343,256766,453199,627170
69,17453,EIN,BCN,586821,334515,558534,653059
70,18231,LIM,BCN,896611,465117,744859,745840
71,18537,KRK,BCN,668714,317218,507090,696119
72,18604,WAW,BCN,72128,23746,238319,151762
73,18745,GDN,BCN,792749,433493,595476,673885
74,18800,KTW,BCN,826633,446227,737246,685889
75,18940,LIS,BCN,171237,46130,170288,265668
76,19083,OPO,BCN,142321,84053,170562,190660
77,19136,FNC,BCN,267671,138436,315466,447776
78,19196,FAO,BCN,239739,92029,214863,387691
79,19310,DOH,BCN,405139,115251,350042,356657
80,19460,BCM,BCN,862141,485463,659062,816335
81,19485,CLJ,BCN,618936,301241,469546,621745
82,19539,IAS,BCN,920735,504608,700232,744072
83,19575,OTP,BCN,769710,195327,469692,798593
84,19695,TSR,BCN,290808,100182,356661,385177
85,19812,DME,BCN,671297,339648,568199,758392
86,19962,SVO,BCN,768310,416295,595216,732200
87,21082,SIN,BCN,498331,233480,495181,423195
88,21486,MAD,BCN,365742,96478,337791,396537
89,21657,TFS,BCN,682714,244716,457170,684754
90,21737,ALC,BCN,544433,207939,383914,599033
91,21815,BCN,BCN,506715,125501,278388,615613
92,21979,AGP,BCN,146926,52135,127325,298781
93,22082,PMI,BCN,100367,29159,209279,210882
94,22202,SCQ,BCN,886206,302787,454936,691756
95,22225,SVQ,BCN,920649,236985,509156,949974
96,22259,TFN,BCN,275843,137794,242418,312745
97,22287,LEI,BCN,791995,242287,490756,893991
98,22309,BIO,BCN,435747,230326,485588,529552
99,22356,RGS,BCN,782309,174217,390838,830245
100,22357,BJZ,BCN,957640,389514,732619,821161
101,22360,LCG,BCN,299492,91671,190060,400086
102,22381,GRX,BCN,411268,195329,352254,406384
103,22506,GOT,BCN,808019,296868,472535,736644
104,22578,ARN,BCN,587744,314543,531738,650434
105,22751,ZRH,BCN,377498,83360,223470,528317
106,22955,GVA,BCN,923800,448046,721065,846339
107,23802,TUN,BCN,730105,274887,536592,666524
108,23931,IST,BCN,958163,259588,552377,730415
109,24650,SAW,BCN,989670,312746,566075,988839
110,24862,KBP,BCN,367573,218503,510382,502006
111,24964,IEV,BCN,614721,185422,488799,545312
112,25017,OZH,BCN,876921,198884,466206,700137
113,25096,HRK,BCN,208890,75778,216192,360868
114,25134,LWO,BCN,160067,51808,312514,306032
115,25188,ODS,BCN,354435,96705,198858,489909
116,25232,AUH,BCN,310430,63788,179101,418963
117,25346,DXB,BCN,830564,426556,557927,923872
118,25649,LGW,BCN,872955,398077,696632,752153
119,25829,LHR,BCN,146764,40618,296812,265119
120,26092,GLA,BCN,948381,247230,550060,884251
121,26161,EDI,BCN,316437,109663,346373,407199
122,26353,BFS,BCN,633776,253977,412118,595094
123,26402,BHX,BCN,137603,33785,169838,180861
124,26506,MAN,BCN,201210,84304,208762,341870
125,26661,BRS,BCN,832023,406450,675377,917944
126,26753,LPL,BCN,702305,169021,412194,705058
127,26793,LTN,BCN,362262,96611,254621,427581
128,27104,PHL,BCN,591339,158515,318350,633618
129,28549,ORD,BCN,410298,130137,282950,340560
130,29151,SFO,BCN,522804,245818,355716,600126
131,29333,EWR,BCN,759346,222231,434032,710881
0,21803,BCN,ACE,327573,135182,332521,418954
1,21804,BCN,AGP,168762,86783,299374,276999
2,21805,BCN,AHO,142024,81994,230905,149242
3,21806,BCN,ALC,139996,80154,259098,321187
4,21807,BCN,ALG,423409,143455,340349,491039
5,21808,BCN,AMM,817754,172526,457129,613659
6,21809,BCN,AMS,187056,45444,146482,345469
7,21810,BCN,AOI,110959,66135,195566,227132
8,21811,BCN,ATH,184676,89118,340216,369643
9,21812,BCN,ATL,602922,344581,617677,565174
10,21813,BCN,AUH,219265,62375,180632,340674
11,21814,BCN,BCM,582362,156638,452362,544897
12,21815,BCN,BCN,786809,183550,505311,610073
13,21816,BCN,BEG,265721,158136,254971,334761
14,21817,BCN,BER,109383,42339,245925,144879
15,21818,BCN,BEY,309025,90045,206792,431285
16,21819,BCN,BFS,684818,343305,612796,654020
17,21820,BCN,BGO,385815,110493,342749,431225
18,21821,BCN,BHX,277361,133101,232716,280408
19,21822,BCN,BIO,997102,285725,625360,776929
20,21823,BCN,BJL,616438,127819,375228,585808
21,21824,BCN,BJZ,102369,53916,307604,231192
22,21825,BCN,BLL,664840,146056,291593,552021
23,21826,BCN,BLQ,738769,189461,419260,699075
24,21827,BCN,BOD,816834,250492,467664,887839
25,21828,BCN,BOG,239052,134647,306550,448332
26,21829,BCN,BOS,898533,334428,669574,1043800
27,21830,BCN,BRI,721494,225075,380931,821244
28,21831,BCN,BRS,66754,27045,140488,256609
29,21832,BCN,BRU,708377,228776,555342,688705
30,21833,BCN,BUD,567722,177452,436420,741767
31,21834,BCN,BUE,208101,69832,277216,190988
32,21835,BCN,BUH,747126,428599,738776,733331
33,21836,BCN,CAG,385693,127068,302684,434819
34,21837,BCN,CAI,483334,219086,391880,447686
35,21838,BCN,CFU,495423,245581,354109,395961
36,21839,BCN,CGN,625834,264721,397324,707742
37,21840,BCN,CHI,357599,83162,174539,376632
38,21841,BCN,CLJ,452253,109143,265854,466338
39,21842,BCN,CMN,597224,314703,639229,567675
40,21843,BCN,CPH,271062,67493,160732,331260
41,21844,BCN,CTA,890089,393643,630243,785168
42,21845,BCN,CUN,356328,101378,315356,344216
43,21846,BCN,DBV,121625,32944,173127,216666
44,21847,BCN,DKR,356818,125190,225503,389892
45,21848,BCN,DOH,210182,91988,349263,370749
46,21849,BCN,DUB,193669,101659,280340,232229
47,21850,BCN,DUS,357621,165022,273892,420641
48,21851,BCN,DXB,954508,502609,672939,678391
49,21852,BCN,EAP,772691,454329,657732,594389
50,21853,BCN,EAS,989681,363862,702226,798903
51,21854,BCN,EDI,554144,319172,494364,605531
52,21855,BCN,EIN,652278,386545,573326,694702
53,21856,BCN,FAO,214534,106831,250708,246951
54,21857,BCN,FEZ,855762,253403,527379,738505
55,21858,BCN,FLR,563249,219846,474109,688542
56,21859,BCN,FNC,390492,85281,203723,571464
57,21860,BCN,FRA,303576,80745,333582,266332
58,21861,BCN,FUE,213801,103663,296576,358839
59,21862,BCN,GDN,432898,149373,446758,582921
60,21863,BCN,GLA,808318,333582,524129,609088
61,21864,BCN,GOA,726741,386264,673691,662154
62,21865,BCN,GOT,530357,209931,493758,623421
63,21866,BCN,GRX,545327,186179,330223,595686
64,21867,BCN,GVA,442868,235840,494975,419425
65,21868,BCN,HAJ,903110,262513,418116,835604
66,21869,BCN,HAM,800980,424139,724585,889288
67,21870,BCN,HEL,711394,315282,570830,743632
68,21871,BCN,HER,257132,119790,319633,434578
69,21872,BCN,HKG,276701,147293,365925,285713
70,21873,BCN,HRK,182589,85279,212973,318985
71,21874,BCN,IAS,753961,431024,667376,876176
72,21875,BCN,IBZ,560505,188535,346160,521325
73,21876,BCN,IEV,766062,187073,497763,863640
74,21877,BCN,IST,957706,339674,540916,968610
75,21878,BCN,JMK,695222,322206,561974,494256
76,21879,BCN,JTR,323865,176815,265957,404157
77,21880,BCN,KAO,810262,287956,562663,619703
78,21881,BCN,KIV,411219,238089,451058,430911
79,21882,BCN,KRK,486769,167580,406764,602436
80,21883,BCN,KTW,538011,192209,416136,573478
81,21884,BCN,LBA,729240,437473,567477,728331
82,21885,BCN,LCA,980593,460997,646753,939255
83,21886,BCN,LCG,507653,147470,360658,560468
84,21887,BCN,LED,310385,159861,362097,451671
85,21888,BCN,LEI,754584,265892,491511,643911
86,21889,BCN,LEN,694239,385208,552011,742659
87,21890,BCN,LIM,620871,255862,458007,595622
88,21891,BCN,LIS,761243,402730,546678,696341
89,21892,BCN,LON,166136,92194,169483,192084
90,21893,BCN,LPA,777159,290650,471638,787037
91,21894,BCN,LPL,350105,162351,376597,368878
92,21895,BCN,LUX,861925,369342,602824,728053
93,21896,BCN,LWO,415291,238274,523298,492900
94,21897,BCN,LYS,331070,101651,220404,404028
95,21898,BCN,MAD,476962,155123,307595,397007
96,21899,BCN,MAH,541691,109410,343513,419522
97,21900,BCN,MAN,463938,137952,258846,495791
98,21901,BCN,MEX,187851,93716,237508,312547
99,21902,BCN,MIA,559554,252175,476105,703477
100,21903,BCN,MIL,161136,36241,115056,234520
101,21904,BCN,MJV,202832,77369,151834,325887
102,21905,BCN,MLA,211122,87808,347175,371265
103,21906,BCN,MOW,676950,181627,355409,514399
104,21907,BCN,MRS,801513,219198,403669,752529
105,21908,BCN,MSQ,126183,71337,279235,330082
106,21909,BCN,MUC,223792,95330,235303,269473
107,21910,BCN,NAP,428369,152432,443584,535920
108,21911,BCN,NCE,565247,207391,391213,536392
109,21912,BCN,NCL,852332,425934,746389,665529
110,21913,BCN,NDR,314412,117007,229167,433586
111,21914,BCN,NTE,68657,24193,110672,267768
112,21915,BCN,NUE,433123,249691,440371,614521
113,21916,BCN,NYC,508360,251055,455087,500615
114,21917,BCN,ODS,306657,89416,226291,411545
115,21918,BCN,OLB,514151,299874,497846,569153
116,21919,BCN,OPO,946760,238700,402154,891054
117,21920,BCN,ORN,325878,145884,349635,288322
118,21921,BCN,OSL,617822,167063,331518,552510
119,21922,BCN,OVD,563674,218487,394811,536442
120,21923,BCN,OZH,67376,17065,102100,194041
121,21924,BCN,PAR,964721,462027,681001,813464
122,21925,BCN,PHL,713329,216768,451168,730184
123,21926,BCN,PMI,507929,215090,490391,664776
124,21927,BCN,PMO,893277,472053,840920,767240
125,21928,BCN,PRG,237637,99160,273569,232560
126,21929,BCN,PSA,514728,199349,439111,501049
127,21930,BCN,RAK,731901,247639,559128,749316
128,21931,BCN,REK,421024,238174,350043,330292
129,21932,BCN,RGS,867011,217529,394743,740461
130,21933,BCN,RIX,405241,138591,411360,499882
131,21934,BCN,ROM,480588,157935,416796,571735
132,21935,BCN,RTM,194379,78464,230786,331883
133,21936,BCN,RVN,185111,39466,250491,305074
134,21937,BCN,SAO,968392,228431,437395,902423
135,21938,BCN,SCL,401494,86814,315588,502614
136,21939,BCN,SCQ,910492,404454,598349,844056
137,21940,BCN,SDR,787767,355018,635372,739474
138,21941,BCN,SEL,624413,333163,516262,588019
139,21942,BCN,SFO,412102,118483,405478,486671
140,21943,BCN,SIN,564536,142833,385192,619787
141,21944,BCN,SKP,598794,192145,325284,480689
142,21945,BCN,SOF,768712,169499,379389,767714
143,21946,BCN,SPC,899317,514717,731370,853730
144,21947,BCN,SPU,192737,55214,267357,318882
145,21948,BCN,STO,196608,71816,199737,361442
146,21949,BCN,STR,668981,185717,475846,695867
147,21950,BCN,SVG,475549,258835,435418,542146
148,21951,BCN,SVQ,470143,235030,496071,575037
149,21952,BCN,SXB,422645,108209,266608,507670
150,21953,BCN,TCI,113270,41127,296993,159865
151,21954,BCN,THR,326088,154578,337230,385644
152,21955,BCN,TLV,791228,247232,431350,653303
153,21956,BCN,TNG,782123,301784,511595,877495
154,21957,BCN,TRN,803369,200627,450422,621310
155,21958,BCN,TSR,833842,174174,446321,680645
156,21959,BCN,TUN,274788,164660,421817,483164
157,21960,BCN,VAR,694028,275025,553197,618349
158,21961,BCN,VCE,893542,373937,634785,885498
159,21962,BCN,VGO,280469,163720,401136,302200
160,21963,BCN,VIE,802080,454294,747197,682793
161,21964,BCN,VLC,635778,340944,589616,541123
162,21965,BCN,VLL,210795,115546,326474,259723
163,21966,BCN,WAS,174938,82765,341460,307364
164,21967,BCN,WAW,215262,126445,329528,333976
165,21968,BCN,XRY,840887,241545,521742,672655
166,21969,BCN,YMQ,439953,234181,463827,451130
167,21970,BCN,YTO,134522,46132,168061,208756
168,21971,BCN,ZAG,632471,180254,348340,640091
169,21972,BCN,ZRH,973341,414518,655485,653530
0,21472,MAD,ABC,125231,44764,252156,187898
1,21473,MAD,ACE,875071,384823,581738,881423
2,21474,MAD,AGP,790387,284139,472132,711474
3,21475,MAD,AHO,63973,32759,181837,269762
4,21476,MAD,ALC,996445,409681,672055,817187
5,21477,MAD,ALG,871978,318476,637120,841936
6,21478,MAD,AMM,761564,240082,473854,758939
7,21479,MAD,AMS,531916,194356,347662,542231
8,21480,MAD,ASU,486244,225411,339261,427023
9,21481,MAD,ATH,660503,375098,514926,577594
10,21482,MAD,ATL,303723,167564,431976,435267
11,21483,MAD,AUH,164099,60776,251931,329928
12,21484,MAD,AZS,241418,111245,284625,247758
13,21485,MAD,BCM,809772,212561,495961,680896
14,21486,MAD,BCN,113296,25120,166403,226085
15,21487,MAD,BEG,66513,17806,184897,140490
16,21488,MAD,BER,229502,80413,300457,270222
17,21489,MAD,BEY,721413,184891,328624,551123
18,21490,MAD,BGO,536664,285078,399406,687010
19,21491,MAD,BIO,186142,86003,242671,327678
20,21492,MAD,BJS,152604,78167,189432,255128
21,21493,MAD,BJZ,848760,214845,552055,693175
22,21494,MAD,BLQ,69083,29711,125838,228979
23,21495,MAD,BOD,579523,344277,570076,553475
24,21496,MAD,BOG,561699,326026,531209,734871
25,21497,MAD,BOS,248740,57465,253163,375841
26,21498,MAD,BRI,554543,210181,307389,462445
27,21499,MAD,BRS,410663,89837,277535,527785
28,21500,MAD,BRU,466794,216939,438876,575316
29,21501,MAD,BUD,875611,516652,796919,950513
30,21502,MAD,BUE,124503,73286,185214,186346
31,21503,MAD,BUH,533819,265360,407696,619317
32,21504,MAD,CAG,582219,142449,278435,676583
33,21505,MAD,CAI,707151,293906,547111,627646
34,21506,MAD,CBB,261284,115259,357979,415175
35,21507,MAD,CCS,626676,295810,463207,726505
36,21508,MAD,CFU,830998,315317,617685,829637
37,21509,MAD,CHI,195158,73626,276982,177021
38,21510,MAD,CLJ,384471,211658,359492,536329
39,21511,MAD,CLO,984252,221934,522773,989887
40,21512,MAD,CLT,454553,185934,398768,354110
41,21513,MAD,CMN,185218,85962,269051,329034
42,21514,MAD,CPH,565547,338483,537017,523436
43,21515,MAD,CRA,583183,314075,553505,584036
44,21516,MAD,CTA,777217,251818,468952,736808
45,21517,MAD,CUN,248702,65697,198549,298226
46,21518,MAD,DBV,209028,88218,196554,366668
47,21519,MAD,DFW,844929,436874,729399,809159
48,21520,MAD,DKR,683924,215232,538741,660826
49,21521,MAD,DOH,423310,226962,359296,396486
50,21522,MAD,DUB,566375,263209,376663,456995
51,21523,MAD,DUS,833596,194962,381832,891160
52,21524,MAD,DXB,350208,92621,388713,426702
53,21525,MAD,EAP,165588,68479,242061,235838
54,21526,MAD,EAS,906918,470570,799283,1006818
55,21527,MAD,EDI,543667,205010,459433,537095
56,21528,MAD,EFL,297346,98403,203515,339431
57,21529,MAD,FAO,83812,32562,110106,194628
58,21530,MAD,FLR,875197,494150,666505,966340
59,21531,MAD,FNC,995115,556014,846933,790881
60,21532,MAD,FOR,880263,388527,554848,773535
61,21533,MAD,FRA,212191,106760,338574,300134
62,21534,MAD,FUE,775977,202451,410046,693004
63,21535,MAD,GOA,469356,225533,449728,538499
64,21536,MAD,GRX,798401,395297,606878,809847
65,21537,MAD,GUA,60838,33963,129849,126992
66,21538,MAD,GVA,475604,251521,399653,495473
67,21539,MAD,GYE,251757,144508,284497,300075
68,21540,MAD,HAM,250178,144819,314320,439343
69,21541,MAD,HAN,616150,310478,429528,608775
70,21542,MAD,HAV,512280,271885,551954,632740
71,21543,MAD,HER,348368,180023,344237,339361
72,21544,MAD,HKG,706879,240699,464363,609204
73,21545,MAD,IBZ,688771,237956,432848,766998
74,21546,MAD,IST,658545,283626,583067,690469
75,21547,MAD,JED,833434,267236,453577,750948
76,21548,MAD,JMK,246332,69263,338110,302918
77,21549,MAD,JTR,299883,157591,298689,448766
78,21550,MAD,LAX,397215,81231,300405,545571
79,21551,MAD,LCG,552239,139599,421936,568794
80,21552,MAD,LEI,489149,242735,474278,648158
81,21553,MAD,LEN,571127,311810,511168,519458
82,21554,MAD,LIM,495718,279257,444740,546066
83,21555,MAD,LIS,780144,360247,492702,679096
84,21556,MAD,LJU,930233,344882,497144,845979
85,21557,MAD,LON,660174,225542,481869,831180
86,21558,MAD,LPA,498687,206492,492625,607153
87,21559,MAD,LPL,670721,316225,446605,658634
88,21560,MAD,LUX,451196,116471,255458,487432
89,21561,MAD,LXR,317490,187609,311311,392896
90,21562,MAD,LYS,307341,122418,298136,278390
91,21563,MAD,MAD,598800,355165,579834,700661
92,21564,MAD,MAH,306525,129837,216556,366601
93,21565,MAD,MAN,129537,68103,216474,231680
94,21566,MAD,MDE,451391,188374,344702,542082
95,21567,MAD,MEX,352524,96763,357756,517906
96,21568,MAD,MIA,851986,333145,549346,626669
97,21569,MAD,MIL,667243,256489,405066,810490
98,21570,MAD,MJV,935413,537032,907486,903818
99,21571,MAD,MLA,321901,165796,421626,423443
100,21572,MAD,MLE,357865,117532,213150,468230
101,21573,MAD,MLN,486689,291693,587109,608173
102,21574,MAD,MOW,542181,148052,439461,600322
103,21575,MAD,MRS,970215,219654,452558,837055
104,21576,MAD,MUC,318190,155550,362514,380930
105,21577,MAD,MVD,678548,398457,666602,624824
106,21578,MAD,NAP,205406,79605,265612,312012
107,21579,MAD,NCE,233025,105015,377377,381241
108,21580,MAD,NTE,636839,199698,519585,515016
109,21581,MAD,NYC,80576,17828,220911,154830
110,21582,MAD,OLB,280185,126657,215300,267607
111,21583,MAD,OPO,481551,123219,346587,519622
112,21584,MAD,OSL,934392,434514,680557,732858
113,21585,MAD,OVD,415845,166227,435412,481308
114,21586,MAD,PAR,693267,200043,339463,639533
115,21587,MAD,PDL,841074,236154,423380,584052
116,21588,MAD,PFE,852366,207638,337637,609583
117,21589,MAD,PHL,585038,216159,358372,425395
118,21590,MAD,PMI,909761,340224,563124,862447
119,21591,MAD,PMO,134270,47246,305665,294215
120,21592,MAD,PNA,719434,288358,432113,573804
121,21593,MAD,PRG,163993,90408,225569,320645
122,21594,MAD,PTY,894618,390854,595287,678037
123,21595,MAD,PUJ,487496,118241,373774,463973
124,21596,MAD,RAK,134231,73806,149055,305926
125,21597,MAD,RBA,80931,36573,200391,187708
126,21598,MAD,REC,464122,183291,324944,609590
127,21599,MAD,REK,525794,297359,471985,576427
128,21600,MAD,RGS,703883,165556,303130,702482
129,21601,MAD,RIO,963512,270292,435343,919640
130,21602,MAD,RIX,271344,143557,392657,341323
131,21603,MAD,RJL,729861,298896,444986,603868
132,21604,MAD,ROM,710923,424184,653794,674948
133,21605,MAD,RUH,354757,191417,435191,400300
134,21606,MAD,SAO,542313,229521,355461,515132
135,21607,MAD,SAP,477389,205725,354455,547722
136,21608,MAD,SBZ,966643,353522,551105,725100
137,21609,MAD,SCL,836054,267699,511399,890874
138,21610,MAD,SCQ,335423,163909,364207,380355
139,21611,MAD,SCU,214122,66434,246126,252925
140,21612,MAD,SDQ,836557,421095,636383,853012
141,21613,MAD,SDR,945661,409722,627163,913947
142,21614,MAD,SEL,575002,162213,310542,711426
143,21615,MAD,SFO,527780,243477,414491,638761
144,21616,MAD,SJO,389298,129866,303216,395293
145,21617,MAD,SJU,902376,472715,657634,819017
146,21618,MAD,SLM,958563,239164,523689,972492
147,21619,MAD,SOF,639821,248134,516152,750041
148,21620,MAD,SPC,495515,212077,511832,370853
149,21621,MAD,SPU,611055,200094,430964,754904
150,21622,MAD,SRZ,940627,455265,744904,907528
151,21623,MAD,SSA,802469,220960,518478,937496
152,21624,MAD,STO,967641,304467,574901,646563
153,21625,MAD,STR,859471,487540,644874,677503
154,21626,MAD,SVQ,807868,234845,483009,865257
155,21627,MAD,SXB,159451,86487,336987,234073
156,21628,MAD,TCI,173518,70283,296799,283669
157,21629,MAD,TLS,272487,101956,264624,388599
158,21630,MAD,TLV,485643,122569,242155,560527
159,21631,MAD,TNG,673881,235435,469325,592206
160,21632,MAD,TRN,671006,214860,354527,580030
161,21633,MAD,TSN,991265,566434,842897,918930
162,21634,MAD,TSR,131585,69037,172207,277671
163,21635,MAD,TUN,501507,122721,358205,437339
164,21636,MAD,TYO,352293,140289,335714,369901
165,21637,MAD,UIO,638302,343199,555622,585232
166,21638,MAD,VCE,699237,397332,556816,581698
167,21639,MAD,VGO,134655,47958,194567,249919
168,21640,MAD,VIE,278793,132145,277625,366356
169,21641,MAD,VIT,821244,197880,391317,861924
170,21642,MAD,VLC,604041,174555,310098,662042
171,21643,MAD,VLL,271120,80602,279305,381541
172,21644,MAD,WAS,759386,188015,439562,766178
173,21645,MAD,WAW,325032,193694,386645,363576
174,21646,MAD,XJO,539525,146013,372846,553897
175,21647,MAD,XJR,460023,183516,455992,582338
176,21648,MAD,XRY,822119,470557,690500,703714
177,21649,MAD,YMQ,64288,29065,175962,173536
178,21650,MAD,YTO,628553,236279,512585,703548
179,21651,MAD,ZAG,504013,270989,363285,489587
180,21652,MAD,ZAZ,185588,53474,212526,342975
181,21653,MAD,ZRH,917449,409011,572289,833408
0,969,ALG,MAD,770335,338259,657692,676714
1,1208,EZE,MAD,706360,310464,605818,827021
2,1861,VIE,MAD,848279,496783,779590,834505
3,2239,SAJ,MAD,214368,71317,234750,291953
4,2436,BRU,MAD,183192,94644,344590,396263
5,2710,VVI,MAD,575836,308600,482107,464937
6,2904,GIG,MAD,297808,86538,301685,393613
7,3095,SOF,MAD,578247,165093,289967,658529
8,3451,YUL,MAD,527837,313476,553535,619254
9,3843,YYZ,MAD,527676,165693,369175,565040
10,4251,SCL,MAD,366988,121262,303728,348923
11,4407,PEK,MAD,726012,307691,472798,635544
12,6201,BOG,MAD,466900,207397,344759,511732
13,6273,CLO,MAD,842651,364673,559042,770920
14,6306,MDE,MAD,855543,286819,623554,605059
15,6387,SJO,MAD,155770,63361,195787,189693
16,6423,ZAG,MAD,597421,165661,432404,516748
17,6521,DBV,MAD,945332,490737,705194,899402
18,6613,SPU,MAD,549611,262588,373183,604984
19,6659,HAV,MAD,219327,72968,270805,339431
20,6685,SCU,MAD,826591,495470,750407,658173
21,6935,PRG,MAD,833538,387715,658926,620837
22,7156,CPH,MAD,523620,198832,327705,592920
23,7318,AZS,MAD,152311,36705,252237,167093
24,7353,PUJ,MAD,283736,119135,213650,390226
25,7406,SDQ,MAD,249185,89739,310065,353951
26,7432,GYE,MAD,731346,419212,569155,723744
27,7451,UIO,MAD,441967,129781,337885,589435
28,7565,CAI,MAD,276604,101124,197599,264148
29,8285,CDG,MAD,581875,170674,482231,571817
30,8458,NCE,MAD,986476,249697,432695,1121506
31,8584,ORY,MAD,801012,234835,474855,878609
32,8698,NTE,MAD,366493,88002,357572,484155
33,8755,SXB,MAD,662951,207622,339717,702103
34,8809,BOD,MAD,347785,88022,310406,367682
35,9137,BER,MAD,507602,294228,519694,491015
36,9362,FRA,MAD,733988,253429,504001,716617
37,9603,DUS,MAD,566826,336689,562986,679596
38,9849,HAM,MAD,208888,109405,207846,248131
39,10120,MUC,MAD,794693,273398,421788,758653
40,10303,STR,MAD,383419,215756,388237,538426
41,10626,ATH,MAD,190571,50983,148631,285751
42,10690,EFL,MAD,586433,203387,494555,638618
43,10828,CFU,MAD,497817,174971,481555,530501
44,11380,SAP,MAD,843587,264630,523762,880587
45,11475,HKG,MAD,448532,199644,389474,632898
46,11589,BUD,MAD,416001,105057,274983,487303
47,13106,DUB,MAD,520627,301960,561633,508638
48,13250,TLV,MAD,756189,291608,504117,634045
49,13383,MXP,MAD,450312,118911,253193,462970
50,13542,FCO,MAD,871031,422596,623559,733405
51,13705,CTA,MAD,208806,70894,208292,223569
52,13745,AHO,MAD,53672,27598,234347,126213
53,13777,CAG,MAD,491709,116841,380633,413289
54,13864,GOA,MAD,208129,104584,230806,366729
55,13925,BLQ,MAD,252683,140664,259099,388128
56,14049,NAP,MAD,866956,489177,730035,724711
57,14285,NRT,MAD,908724,181766,431729,799728
58,14642,AMM,MAD,181875,86381,303430,346328
59,15017,ICN,MAD,282902,150464,246396,311871
60,15414,RIX,MAD,209030,54086,222928,335337
61,15496,BEY,MAD,680108,273997,441534,647309
62,15649,LUX,MAD,914007,377646,608294,909613
63,16048,MLE,MAD,670658,158533,298462,687476
64,16113,MLA,MAD,322341,147917,302541,298369
65,16245,MEX,MAD,179757,88212,254006,221969
66,16350,CUN,MAD,346546,159959,386762,515439
67,16792,CMN,MAD,619051,344601,561885,506611
68,16870,RAK,MAD,242582,124265,244232,329525
69,16902,TNG,MAD,877586,487373,819012,630034
70,16974,RBA,MAD,83371,31971,251547,168957
71,17247,AMS,MAD,157068,53364,149960,209219
72,18096,PTY,MAD,794242,332533,526991,741559
73,18218,ASU,MAD,653521,341203,640963,717597
74,18259,LIM,MAD,765995,256054,581881,719179
75,18677,WAW,MAD,80856,22924,188856,296451
76,18993,LIS,MAD,474732,270585,484575,419408
77,19071,PDL,MAD,742350,190733,441621,628638
78,19103,OPO,MAD,678000,269057,586780,729343
79,19158,FNC,MAD,190561,58235,276048,353995
80,19226,FAO,MAD,159825,85060,205795,275447
81,19262,SJU,MAD,381395,201381,345326,508856
82,19398,DOH,MAD,615965,206546,500120,546173
83,19470,BCM,MAD,822767,254175,487067,813039
84,19514,CLJ,MAD,605395,314701,470884,672095
85,19536,CRA,MAD,305092,164439,432026,286990
86,19627,OTP,MAD,272315,59799,204892,415379
87,19676,SBZ,MAD,286317,100505,336023,248253
88,19706,TSR,MAD,70898,38988,111890,266318
89,20046,SVO,MAD,836290,184172,373725,942271
90,20772,RUH,MAD,570121,290005,498258,628068
91,20933,JED,MAD,907869,504213,871196,659756
92,21245,LJU,MAD,875334,273910,525566,894502
93,21563,MAD,MAD,712271,149545,391720,742547
94,21699,TFS,MAD,775744,292301,640167,778180
95,21773,ALC,MAD,631073,363206,583975,650622
96,21898,BCN,MAD,794301,162043,448666,734775
97,22031,AGP,MAD,882182,375536,667985,748755
98,22146,PMI,MAD,745087,179369,378271,654838
99,22214,SCQ,MAD,715865,244533,418798,698885
100,22240,SVQ,MAD,625469,269215,485242,613401
101,22270,TFN,MAD,652728,354391,593773,574224
102,22294,LEI,MAD,686181,341666,529139,589645
103,22330,BIO,MAD,560766,304694,450487,458048
104,22358,BJZ,MAD,395231,121221,348683,407180
105,22363,LCG,MAD,446287,217729,413751,511021
106,22385,GRX,MAD,767048,432528,563701,874174
107,22641,ARN,MAD,919358,309158,532787,866478
108,22843,ZRH,MAD,334236,173043,298926,434986
109,23017,GVA,MAD,351329,143857,292635,439793
110,23832,TUN,MAD,987004,540410,777832,1025705
111,24065,IST,MAD,102072,38510,296311,313047
112,24709,SAW,MAD,591737,330663,619894,621901
113,25288,AUH,MAD,315530,151759,263709,367638
114,25464,DXB,MAD,511379,264281,564136,604800
115,25728,LGW,MAD,436371,114089,345159,376714
116,25946,LHR,MAD,406067,105913,332979,510235
117,26214,EDI,MAD,500036,296446,532394,513952
118,26576,MAN,MAD,874470,409222,771559,735090
119,26709,BRS,MAD,606122,126126,372912,579257
120,26773,LPL,MAD,449368,260437,459493,593910
121,27164,PHL,MAD,749486,289645,524046,820995
122,27552,CLT,MAD,64047,28164,217485,110565
123,28373,DFW,MAD,595759,242363,474232,439746
124,28724,ORD,MAD,789219,276503,485928,871490
125,29216,SFO,MAD,71867,34449,289980,303504
126,29402,EWR,MAD,696818,158983,441740,753533
127,29510,MVD,MAD,664959,203376,476924,621384
128,29719,CCS,MAD,136223,38980,123880,255087
129,29787,HAN,MAD,50648,19264,176620,255964
